id,labels,probability
70,1,0.8707287338940792
23,0,0.11003856234060375
389,1,0.6940013279083103
872,1,0.8416972560984012
920,0,0.48557809463174717
690,1,0.7766715362796381
588,0,0.22550647680503466
144,1,0.6761312238835784
875,1,0.7100558374371789
900,1,0.7014906241309966
794,1,0.8240548028790766
229,1,0.9174276682682442
148,1,0.7234476417855975
428,1,0.7100558374371789
536,0,0.2336854099208511
463,1,0.7685704147440781
398,1,0.8470875494597458
64,0,0.09495396693836543
325,1,0.653577592204473
121,0,0.0847318025487037
484,1,0.8189501130242175
567,0,0.2733404368814501
922,1,0.7735242139312317
835,1,0.6802755008385559
426,0,0.1081826284001132
675,1,0.8157561751695809
349,1,0.8924642604818621
145,1,0.8053701830257476
152,0,0.27014216433576566
446,0,0.2029936328616199
261,1,0.5116023354200079
725,0,0.22524698501225948
326,0,0.3228066761990012
521,1,0.7241473919164951
182,1,0.8862247204102195
784,1,0.7234476417855975
594,0,0.358789346691682
18,1,0.8603188586531187
162,0,0.4609048925320371
140,1,0.8371890974914348
810,1,0.8768191292594916
668,1,0.8565498931563152
886,0,0.12213719739090574
844,0,0.22267246593845186
525,0,0.2806970162856106
836,0,0.10706048492009063
826,1,0.8333563009541812
113,0,0.16616105359171637
549,1,0.8140602196322256
255,1,0.7079924582134599
286,1,0.8189501130242175
118,1,0.7103521668036271
730,1,0.8120875222512117
166,1,0.8371890974914348
540,1,0.912494559123932
662,1,0.8574264232878519
493,1,0.5472613433845299
92,0,0.3430285394207621
36,0,0.12052278386034164
432,0,0.15628599397571463
35,0,0.0728062433928087
134,1,0.8416972560984012
151,0,0.1389101097875571
537,0,0.26790716449844154
501,0,0.14665385840750572
236,0,0.49395312006078296
609,1,0.6341063662065568
154,1,0.8731604485931308
215,0,0.20973967504238725
568,1,0.8053701830257476
712,1,0.8072962259836757
247,1,0.7637324669966449
292,1,0.6809673206223416
282,1,0.8006737574190712
243,1,0.8371890974914348
370,1,0.5302705576121212
747,1,0.8707287338940792
445,1,0.6761312238835784
692,1,0.7683489020333382
373,1,0.6183987897960822
357,1,0.7587575378945904
648,1,0.8406579356000669
19,1,0.8485255675228087
772,1,0.5722504391290372
32,1,0.7399713672957214
696,1,0.8006737574190712
809,0,0.27995726477810656
527,1,0.7292685816497787
801,1,0.8480629870427848
818,1,0.7079924582134599
464,1,0.8561201345145693
79,1,0.8707287338940792
183,1,0.884766475850396
58,1,0.828128686474402
775,1,0.8371890974914348
499,1,0.6720783493818018
161,1,0.7399713672957214
671,1,0.8116594425692611
473,1,0.6397944306882829
867,1,0.8884196150622107
748,1,0.9024521772655727
190,1,0.6536859492012632
308,1,0.8053701830257476
316,0,0.39352958302700686
637,1,0.7345170821481604
393,1,0.7737593431707008
913,1,0.8295858138251339
283,1,0.8707287338940792
481,1,0.6716220991077712
358,1,0.7637324669966449
157,1,0.7837971140431547
751,1,0.7239519460261583
153,0,0.12376554520564663
750,0,0.47165238973525103
90,1,0.8310632368366767
547,1,0.8488083918364947
6,1,0.6802755008385559
621,1,0.7103521668036271
430,1,0.7270844821168164
279,1,0.6369156511852015
51,1,0.6890743100630357
240,1,0.8662743328844376
777,1,0.790652317022345
513,1,0.5600369058716287
614,1,0.7907992620640133
653,1,0.6025068093709253
830,0,0.21143167361224677
683,0,0.2289026882129851
554,1,0.6664742484216182
533,1,0.9025751499796153
705,0,0.37052202625002595
7,1,0.8189501130242175
572,0,0.12736411753416027
744,0,0.1481359053528127
694,1,0.8804654188280732
347,1,0.8869745637194725
722,0,0.08369749889898258
759,1,0.6272454423727736
583,1,0.8229527522212475
311,1,0.8707287338940792
661,1,0.5493961472785114
577,0,0.14134725834211295
767,1,0.8422476905548981
379,1,0.8006737574190712
600,1,0.8590992149019389
443,1,0.6037240839821915
740,1,0.8224327328947646
543,0,0.1512989212121393
674,0,0.31892456710622397
745,1,0.8236955943397948
198,0,0.40658181106003877
761,1,0.8094528906171486
824,1,0.5155724325698945
65,1,0.8094528906171486
383,1,0.8259263396187315
384,0,0.4190886788547548
54,1,0.8561201345145693
146,1,0.8707287338940792
615,1,0.8075904105298585
790,1,0.7949570860604047
265,0,0.12736411753416027
187,1,0.741187999411237
897,0,0.25608552715966604
906,0,0.11153009154723355
327,0,0.4697603500364704
442,1,0.5847206533296851
768,0,0.4377378676857694
164,1,0.6795119043716409
147,1,0.7411031563980799
839,1,0.8157561751695809
714,1,0.6747814499722606
53,1,0.8470875494597458
309,1,0.9174276682682442
901,1,0.8707287338940792
394,1,0.6480222950778649
766,0,0.4368149699649726
260,1,0.8707287338940792
27,1,0.8171389169677364
689,1,0.8053701830257476
137,0,0.10791528826913119
771,1,0.5375521823618923
397,1,0.6398255957005045
546,1,0.8240548028790766
16,0,0.0728062433928087
98,0,0.10622753371157419
62,1,0.6761312238835784
141,1,0.7317680454228629
81,1,0.8707287338940792
878,1,0.6034982419367649
535,0,0.08087356876332497
882,1,0.6131485195179313
526,1,0.5733157593318713
618,1,0.6761312238835784
603,1,0.6970035230443612
193,0,0.4139830972432424
793,1,0.7386848632051194
362,1,0.8282914160412347
919,1,0.7695883137614747
504,1,0.5446200374394642
102,0,0.22765464912687777
414,1,0.8542520276587036
665,1,0.8920883195642904
605,1,0.5295571218244782
239,1,0.7856093773777769
914,1,0.6536817361930419
643,1,0.8606280498728436
40,1,0.8862247204102195
431,1,0.7941069977779525
343,1,0.7757216111742189
644,1,0.7798795706470928
857,1,0.8454006219102519
4,1,0.7446558166668942
419,1,0.7972361234318017
865,1,0.745746300806649
285,0,0.09975659169831495
345,1,0.6783174473463633
921,1,0.8737178472566414
520,1,0.7728653505931526
386,1,0.6963413565358046
545,0,0.40616868682192464
287,0,0.4414559010184108
123,0,0.29465237160771224
196,1,0.9057294032072924
278,0,0.3837250286218768
864,1,0.7032899379262809
709,1,0.6577295490294528
628,0,0.48830995238642705
578,0,0.22955842556192357
736,1,0.5369149142807889
894,1,0.8371890974914348
135,1,0.7237037245818868
66,1,0.6851036977027041
248,1,0.8330615577604483
280,1,0.5217347131565095
680,0,0.11352285803897032
704,0,0.10073988251487757
167,1,0.7951534355955522
721,1,0.8707287338940792
95,1,0.8186939875778277
107,1,0.902128973161111
82,0,0.16937037254824275
800,1,0.7635431496384805
470,1,0.8731604485931308
608,1,0.7124033211375792
910,1,0.8924642604818621
177,0,0.35471632414409815
119,1,0.7685704147440781
677,0,0.1499714643794209
855,1,0.6319287950623848
591,1,0.8924642604818621
268,1,0.8475025757370879
461,0,0.11305813457810339
55,1,0.8924642604818621
879,1,0.6771043950694119
619,0,0.09398659668672311
649,1,0.7285870791904584
440,1,0.8152975845542126
659,0,0.4584540760530552
200,1,0.8745970773986969
74,1,0.9174276682682442
413,1,0.7356825215485133
350,0,0.3886622553030989
244,1,0.8189501130242175
593,1,0.8240548028790766
353,0,0.254578811368363
361,1,0.8541976652301845
893,1,0.5612589554837721
686,1,0.6904488394631225
465,1,0.905160033084423
172,1,0.7602873038539182
847,1,0.6620564010346127
417,1,0.7527730960923509
406,1,0.7766715362796381
156,0,0.44739124795156027
610,1,0.7682235672267044
188,1,0.7336172155121785
238,0,0.42044222672219184
